Long_Name,Population,Primary_Category,Address,Zip,School_Latitude,School_Longitude,Attainment_Reading_Pct_ES,Attainment_Math_Pct_ES,School_Survey_Safety,Suspensions_Per_100_Students_Pct,Misconducts_To_Suspensions_Pct,Student_Attendance_Pct,Teacher_Attendance_Pct,Graduation_School_Pct,College_Enrollment_School_Pct,Chronic_Truancy_Pct,SAT_Grade_11_Score_School_Avg
Ira F Aldridge Elementary School,186,ES,630 E 131ST ST,60827,41.657405,-87.606474,33,33,WEAK,8.9,23.1,93.5,93,,,60.2,
William E B Dubois Elementary School,213,ES,330 E 133RD ST,60827,41.653733,-87.61432,23,8,WEAK,4.7,5.4,93.9,94.2,,,18.5,
George Washington Carver Primary School,413,ES,901 E 133RD PL,60827,41.653702,-87.599516,17,8,VERY WEAK,20.1,23.5,91.2,94.6,,,69.7,
Harriet E Sayre Elementary Language Academy,439,ES,1850 N NEWLAND AVE,60707,41.914151,-87.798721,57,42,NEUTRAL,2.2,40,94.2,95.5,,,21.9,
George B Swift Elementary Specialty School,682,ES,5900 N WINTHROP AVE,60660,41.989139,-87.658296,58,59,WEAK,0.3,12.5,95.6,94.6,,,13.1,
Stephen K Hayt Elementary School,954,ES,1518 W GRANVILLE AVE,60660,41.994541,-87.668504,79,74,WEAK,2.1,18.6,94.7,96.1,,,14.7,
Helen Peirce International Studies ES,1048,ES,1423 W BRYN MAWR AVE,60660,41.983456,-87.66585,82,70,NEUTRAL,1.1,10.6,95.6,95.9,,,20.3,
Nicholas Senn High School,1420,HS,5900 N GLENWOOD AVE,60660,41.989029,-87.667136,,,WEAK,11.2,20.4,88.2,95.7,78.3,71.6,39.3,964
Hannah G Solomon Elementary School,362,ES,6206 N HAMLIN AVE,60659,41.993942,-87.724043,94,94,NEUTRAL,0,0,94.9,94.5,,,22.2,
DeWitt Clinton Elementary School,1152,ES,6110 N FAIRFIELD AVE,60659,41.992541,-87.69836,82,91,STRONG,1.4,33.3,95,95.2,,,9.8,
Minnie Mars Jamieson Elementary School,883,ES,5650 N MOZART ST,60659,41.984641,-87.700529,88,90,NEUTRAL,0.2,3,95.5,96.1,,,13.8,
Stephen T Mather High School,1490,HS,5835 N LINCOLN AVE,60659,41.987589,-87.702496,,,WEAK,8.6,26.4,90.3,95.1,76.2,65.2,63.8,959
Alexander Hamilton Elementary School,509,ES,1650 W CORNELIA AVE,60657,41.94522,-87.670865,96,93,VERY STRONG,1.3,17.1,95.7,95.2,,,10.8,
Louis A Agassiz Elementary School,500,ES,2851 N SEMINARY AVE,60657,41.934126,-87.656229,90,78,VERY STRONG,4.4,37.9,94.8,96.2,,,7.3,
Augustus H Burley Elementary School,552,ES,1630 W BARRY AVE,60657,41.937937,-87.669853,96,93,STRONG,1,50,96.1,97.4,,,5.8,
Louis Nettelhorst Elementary School,757,ES,3252 N BROADWAY ST,60657,41.941637,-87.644561,88,75,NEUTRAL,1.2,18.9,95,95.3,,,19.9,
Friedrich L. Jahn Elementary of the Fine Arts,318,ES,3149 N WOLCOTT AVE,60657,41.939247,-87.67581,48,31,NEUTRAL,1.2,11.8,94.2,94,,,18,
Everett McKinley Dirksen Elementary School,936,ES,8601 W FOSTER AVE,60656,41.973715,-87.841041,85,86,WEAK,0.1,4.2,95.4,93.8,,,17.3,
John W Garvy Elementary School,830,ES,5225 N OAK PARK AVE,60656,41.976352,-87.796235,88,83,NEUTRAL,1,10.5,95.3,96.3,,,6.1,
Oriole Park Elementary School,739,ES,5424 N OKETO AVE,60656,41.978501,-87.812054,92,92,STRONG,0.1,2.1,95.5,95.1,,,9.3,
George F Cassell Elementary School,381,ES,11314 S SPAULDING AVE,60655,41.687347,-87.703215,83,68,STRONG,1,22.2,93.1,94.4,,,12.4,
Mount Greenwood Elementary School,1182,ES,10841 S HOMAN AVE,60655,41.695734,-87.70581,98,97,VERY STRONG,0.4,50,95.9,96.1,,,1.6,
Wendell Phillips Academy High School,770,HS,244 E PERSHING RD,60653,41.82388,-87.619796,,,WEAK,57.9,26.5,80.4,93.6,59.1,57.3,100,857
Irvin C Mollison Elementary School,281,ES,4415 S DR MARTIN L KING JR DR,60653,41.814358,-87.616618,22,12,WEAK,3.8,20.3,92.7,94.4,,,52.5,
Jackie Robinson Elementary School,137,ES,4225 S LAKE PARK AVE,60653,41.817349,-87.599067,83,78,NOT ENOUGH DATA,0.8,3.1,93.6,92.5,,,28.5,
Melville W Fuller Elementary School,389,ES,4214 S ST LAWRENCE AVE,60653,41.818003,-87.611784,23,29,STRONG,4.6,69.2,94.7,95.1,,,39.3,
Carter G Woodson South Elementary School,334,ES,4414 S EVANS AVE,60653,41.814499,-87.608419,33,25,NEUTRAL,5,48.6,93.3,94,,,55.5,
Durkin Park Elementary School,676,ES,8445 S KOLIN AVE,60652,41.738844,-87.729955,71,64,WEAK,2.4,53.1,94.9,95.6,,,12.4,
William J Bogan High School,838,HS,3939 W 79TH ST,60652,41.749376,-87.721097,,,WEAK,13.4,19.6,87.5,94.6,66.9,47.7,65.2,832
Carroll-Rosenwald Specialty Elementary School,489,ES,2929 W 83RD ST,60652,41.742517,-87.696012,51,40,VERY STRONG,1.8,14.8,95,94.6,,,22.9,
Adlai E Stevenson Elementary School,1210,ES,8010 S KOSTNER AVE,60652,41.747107,-87.731666,69,61,STRONG,1.1,6.5,95.3,94.3,,,4.6,
Lionel Hampton Fine & Performing Arts ES,521,ES,3434 W 77TH ST,60652,41.753457,-87.708731,43,33,VERY WEAK,7.1,11.1,93.6,94.2,,,16.4,
Charles Gates Dawes Elementary School,964,ES,3810 W 81ST PL,60652,41.745078,-87.717353,72,85,NEUTRAL,2.2,7.6,95.4,93.3,,,5.3,
Milton Brunson Math & Science Specialty ES,481,ES,932 N CENTRAL AVE,60651,41.897663,-87.765606,13,8,VERY WEAK,1.5,27.6,93.4,94.1,,,31.9,
Alfred Nobel Elementary School,692,ES,4127 W HIRSCH ST,60651,41.906155,-87.729955,52,52,VERY WEAK,6.3,27.7,94.3,95.4,,,26.7,
West Park Elementary Academy,558,ES,1425 N TRIPP AVE,60651,41.906907,-87.732443,26,16,WEAK,18.1,28.1,93.5,94.7,,,30.8,
James Russell Lowell Elementary School,400,ES,3320 W HIRSCH ST,60651,41.90652,-87.710217,46,31,NEUTRAL,0.8,3.4,94,94.1,,,27.7,
Pablo Casals Elementary School,421,ES,3501 W POTOMAC AVE,60651,41.904503,-87.714234,74,82,STRONG,2.3,32.3,95.6,96,,,27.5,
Daniel R Cameron Elementary School,763,ES,1234 N MONTICELLO AVE,60651,41.903792,-87.717927,53,52,WEAK,2.9,31.4,94.7,95.8,,,20.6,
Ronald E McNair Elementary School,389,ES,4820 W WALTON ST,60651,41.897819,-87.746731,25,51,NEUTRAL,6.8,7.8,96,97.3,,,26.7,
Ella Flagg Young Elementary School,724,ES,1434 N PARKSIDE AVE,60651,41.906791,-87.767143,39,26,VERY WEAK,0.8,31.8,93.7,94.9,,,22.3,
Leslie Lewis Elementary School,462,ES,1431 N LEAMINGTON AVE,60651,41.906826,-87.75455,27,21,NEUTRAL,4,50,95.8,96.5,,,26,
John Hay Elementary Community Academy,360,ES,1018 N LARAMIE AVE,60651,41.899171,-87.755813,25,19,VERY WEAK,6.9,21.6,93.9,94.7,,,22.7,
Brian Piccolo Elementary Specialty School,585,ES,1040 N KEELER AVE,60651,41.90014,-87.731261,32,52,STRONG,0.8,45.5,96,95.9,,,24.9,
Myra Bradwell Communications Arts & Sciences ES,494,ES,7736 S BURNHAM AVE,60649,41.754365,-87.557142,9,9,WEAK,58.3,49.8,92,94.4,,,40.8,
Adam Clayton Powell Paideia Community Academy ES,529,ES,7511 S SOUTH SHORE DR,60649,41.760332,-87.556789,29,22,WEAK,7.1,33.6,94.5,95.2,,,36.1,
Isabelle C O'Keeffe Elementary School,614,ES,6940 S MERRILL AVE,60649,41.768602,-87.572806,25,21,STRONG,6.4,12.2,93.9,95.6,,,38.7,
Parkside Elementary Community Academy,273,ES,6938 S EAST END AVE,60649,41.768555,-87.582954,73,79,NEUTRAL,0,0,95.1,97.2,,,39.7,
Edward A Bouchet Math & Science Academy ES,616,ES,7355 S JEFFERY BLVD,60649,41.760847,-87.576075,79,70,NEUTRAL,19.9,45.5,93.4,95.8,,,31.4,
Frederick Funston Elementary School,464,ES,2010 N CENTRAL PARK AVE,60647,41.917617,-87.716892,45,36,WEAK,3.7,4.2,95,94.7,,,30.5,
Lorenz Brentano Math & Science Academy ES,565,ES,2723 N FAIRFIELD AVE,60647,41.930966,-87.696294,65,64,WEAK,3,37.8,94.7,96.9,,,17.8,
Harriet Beecher Stowe Elementary School,635,ES,3444 W WABANSIA AVE,60647,41.911938,-87.713318,43,32,VERY WEAK,6.2,42.2,94.8,95.1,,,22.7,
Bernhard Moos Elementary School,434,ES,1711 N CALIFORNIA AVE,60647,41.912505,-87.696941,61,68,NEUTRAL,0.4,15.4,94.4,94.6,,,25.4,
Salmon P Chase Elementary School,407,ES,2021 N POINT ST,60647,41.917993,-87.694562,68,76,VERY STRONG,0,0,95.6,96,,,20.8,
Pulaski International School of Chicago,898,ES,2230 W MCLEAN AVE,60647,41.918486,-87.683801,89,86,STRONG,1.5,12.8,95.9,95.4,,,2.1,
Richard Yates Elementary School,375,ES,1839 N RICHMOND ST,60647,41.915039,-87.70028,14,13,WEAK,3.2,12.5,94.3,95.1,,,30.1,
Charles R Darwin Elementary School,537,ES,3116 W BELDEN AVE,60647,41.923323,-87.705413,61,46,NEUTRAL,1.9,47.6,96.2,95.8,,,10.6,
James Monroe Elementary School,765,ES,3651 W SCHUBERT AVE,60647,41.929989,-87.719224,51,36,WEAK,2.6,11.9,96,94.7,,,3.9,
Sharon Christa McAuliffe Elementary School,680,ES,1841 N SPRINGFIELD AVE,60647,41.914816,-87.723931,49,29,WEAK,3.8,10.2,94.8,96,,,25.4,
Johann W von Goethe Elementary School,749,ES,2236 N ROCKWELL ST,60647,41.922831,-87.6929,83,80,NEUTRAL,0,0,95.7,96.6,,,12.9,
Wolfgang A Mozart Elementary School,566,ES,2200 N HAMLIN AVE,60647,41.92091,-87.721888,49,33,WEAK,4.7,36.3,95.4,95.5,,,21.1,
Edgebrook Elementary School,509,ES,6525 N HIAWATHA AVE,60646,41.999437,-87.76184,98,96,STRONG,0,0,95.9,96.1,,,1,
Rufus M Hitch Elementary School,571,ES,5625 N MCVICKER AVE,60646,41.983672,-87.779123,84,80,NEUTRAL,0.7,6.7,95.4,95.7,,,12.2,
Sauganash Elementary School,627,ES,6040 N KILPATRICK AVE,60646,41.991169,-87.745951,98,99,VERY STRONG,0,0,95.7,95.6,,,0.3,
George Armstrong International Studies ES,1360,ES,2110 W GREENLEAF AVE,60645,42.01015,-87.684442,80,88,NEUTRAL,1.4,24.4,95.7,94.9,,,22.7,
West Ridge Elementary School,808,ES,6700 N WHIPPLE ST,60645,42.002959,-87.705917,82,89,WEAK,0.8,11.5,94.5,95.2,,,2.2,
Daniel Boone Elementary School,782,ES,6710 N WASHTENAW AVE,60645,42.003412,-87.697463,71,67,NEUTRAL,0,0,95.8,95.2,,,11.6,
Philip Rogers Elementary School,746,ES,7345 N WASHTENAW AVE,60645,42.015265,-87.697185,89,86,NEUTRAL,0.4,37.5,95.1,94.4,,,15.1,
George Rogers Clark Elementary School,219,ES,1045 S MONITOR AVE,60644,41.867813,-87.770418,69,64,STRONG,10.8,16.2,95.7,95.1,,,23.2,
George Leland Elementary School,386,ES,512 S LAVERGNE AVE,60644,41.873587,-87.749276,11,8,VERY WEAK,13.8,44.3,91.5,94,,,65.7,
Julia Ward Howe Elementary School of Excellence,427,ES,720 N LOREL AVE,60644,41.893612,-87.759398,13,18,VERY WEAK,5.2,30.1,95.7,95,,,29.4,
Spencer Technology Academy,494,ES,214 N LAVERGNE AVE,60644,41.884876,-87.750445,20,28,NEUTRAL,25.5,19.9,93.4,94.9,,,23.9,
Oscar DePriest Elementary School,558,ES,139 S PARKSIDE AVE,60644,41.877979,-87.766298,19,13,NEUTRAL,0.7,4.9,95,92.7,,,38.2,
Henry H Nash Elementary School,242,ES,4837 W ERIE ST,60644,41.89181,-87.747936,39,44,STRONG,3.8,26.7,95.2,94.6,,,45.2,
Frederick A Douglass Academy High School,62,HS,543 N WALLER AVE,60644,41.890369,-87.767668,,,WEAK,39.7,8.2,79.4,94.3,52.8,33.9,94.3,785
Edward K Ellington Elementary School,483,ES,243 N PARKSIDE AVE,60644,41.88553,-87.766589,41,28,VERY STRONG,1.5,100,96.4,95.1,,,34,
Charles H Wacker Elementary School,265,ES,9746 S MORGAN ST,60643,41.716193,-87.648044,63,62,STRONG,3.5,41.7,96.2,93.6,,,30.8,
John D Shoop Math-Science Technical Academy ES,434,ES,11140 S BISHOP ST,60643,41.690919,-87.658669,35,61,STRONG,1.1,4.2,95,95.2,,,25.6,
John Whistler Elementary School,359,ES,11533 S ADA ST,60643,41.683907,-87.655384,89,72,NEUTRAL,1.9,54.5,94.3,94.8,,,22.4,
Wendell E Green Elementary School,337,ES,1150 W 96TH ST,60643,41.719292,-87.6525,58,50,NEUTRAL,1.9,31.8,96,94,,,30.9,
Marcus Moziah Garvey Elementary School,286,ES,10309 S MORGAN ST,60643,41.706603,-87.647577,41,15,NEUTRAL,0.4,2,93.4,94.1,,,45.8,
Johnnie Colemon Elementary Academy,249,ES,1441 W 119TH ST,60643,41.677505,-87.658111,82,72,STRONG,3.5,8.6,95.6,94.2,,,20.5,
Henry R Clissold Elementary School,511,ES,2350 W 110TH PL,60643,41.693026,-87.680897,74,58,WEAK,1.8,12.7,94.5,95.8,,,33.3,
Edward White Elementary Career Academy,158,ES,1136 W 122ND ST,60643,41.672309,-87.650539,19,24,VERY WEAK,0,0,94.1,95,,,41,
Morgan Park High School,1237,HS,1744 W PRYOR AVE,60643,41.692035,-87.665658,93,87,VERY WEAK,13.8,38.1,86.1,94.8,71.6,69.6,79.3,903
Thomas J Higgins Elementary Community Academy,269,ES,11710 S MORGAN ST,60643,41.681031,-87.646994,41,31,NEUTRAL,8,16.4,94.3,93.9,,,34.9,
Percy L Julian High School,456,HS,10330 S ELIZABETH ST,60643,41.705859,-87.653749,,,WEAK,29.6,18.7,81.6,90.1,71.8,49,101.5,792
Mount Vernon Elementary School,246,ES,10540 S MORGAN ST,60643,41.701952,-87.647652,22,25,WEAK,5.5,11.2,93,95.4,,,45.1,
Kate S Kellogg Elementary School,269,ES,9241 S LEAVITT ST,60643,41.725263,-87.677233,81,67,STRONG,0,0,96.2,94.7,,,14.4,
Esmond Elementary School,256,ES,1865 W MONTVALE AVE,60643,41.68942,-87.669159,71,46,WEAK,7,66.7,93.6,94,,,29,
Elizabeth H Sutherland Elementary School,604,ES,10015 S LEAVITT ST,60643,41.711445,-87.676821,89,73,NEUTRAL,3.5,16.8,95.9,94.4,,,0.9,
Alice L Barnard Computer Math & Science Ctr ES,264,ES,10354 S CHARLES ST,60643,41.705131,-87.658074,51,32,WEAK,1.9,13.3,95.5,94.2,,,15.8,
James Otis Elementary School,405,ES,525 N ARMOUR ST,60642,41.891806,-87.665426,48,30,WEAK,0.6,3.3,93.6,94.5,,,30.7,
Ogden International High School,597,HS,1250 W ERIE ST,60642,41.893548,-87.659405,,,WEAK,0.4,3.4,93.8,,84.5,78.8,23.1,983
Rodolfo Lozano Bilingual & International Ctr ES,186,ES,1501 N GREENVIEW AVE,60642,41.908886,-87.665093,57,56,STRONG,0.4,4.2,94.8,95.1,,,33,
Jonathan Y Scammon Elementary School,710,ES,4201 W HENDERSON ST,60641,41.941678,-87.732179,69,79,NEUTRAL,1,36.4,94.4,95.4,,,9.6,
Edwin G. Foreman College and Career Academy,759,HS,3235 N LECLAIRE AVE,60641,41.939797,-87.754167,,,WEAK,33.8,17.2,85,92.6,59.9,43.7,79.4,867
Hiram H Belding Elementary School,583,ES,4257 N TRIPP AVE,60641,41.958938,-87.73402,82,78,NEUTRAL,0.2,5,94.8,94.9,,,16.7,
John Barry Elementary School,614,ES,2828 N KILBOURN AVE,60641,41.932511,-87.739388,48,41,WEAK,0.1,12.5,94.9,94.5,,,18,
Carl Schurz High School,1615,HS,3601 N MILWAUKEE AVE,60641,41.946365,-87.735612,,,WEAK,7.3,22.6,82.3,95.1,66.6,47.1,59.6,892
William P Gray Elementary School,1170,ES,3730 N LARAMIE AVE,60641,41.948764,-87.757116,67,72,STRONG,2.1,16.9,95,95,,,19.5,
Laughlin Falconer Elementary School,1107,ES,3020 N LAMON AVE,60641,41.935785,-87.749331,44,51,NEUTRAL,0.5,7.2,95.2,95.1,,,14.2,
Portage Park Elementary School,910,ES,5330 W BERTEAU AVE,60641,41.956988,-87.761007,69,49,STRONG,0.6,9.2,94.9,94.9,,,15.6,
William C. Goudy Technology Academy,701,ES,5120 N WINTHROP AVE,60640,41.975817,-87.657912,83,86,NEUTRAL,1.4,30.3,95.4,95.7,,,13.9,
James B McPherson Elementary School,682,ES,4728 N WOLCOTT AVE,60640,41.967847,-87.676288,51,50,NEUTRAL,1.1,16,95.6,94.5,,,16.3,
John T McCutcheon Elementary School,374,ES,4865 N SHERIDAN RD,60640,41.970949,-87.654758,45,58,VERY STRONG,6.8,25.2,95,95,,,41.6,
Joseph Lovett Elementary School,342,ES,6333 W BLOOMINGDALE AVE,60639,41.912718,-87.783919,49,46,WEAK,0.8,3.3,96,96.4,,,20.2,
Dr Jorge Prieto Math and Science,953,ES,2231 N CENTRAL AVE,60639,41.921318,-87.765781,51,47,VERY WEAK,1.9,36.5,94.9,95.2,,,24.2,
Hanson Park Elementary School,1471,ES,5411 W FULLERTON AVE,60639,41.923955,-87.761515,60,74,WEAK,0.5,5.2,95.6,93.4,,,16.5,
Northwest Middle School,541,MS,5252 W PALMER ST,60639,41.920555,-87.757854,41,33,VERY WEAK,7.4,26.2,93.9,94.7,,,25.6,
Henry D Lloyd Elementary School,985,ES,2103 N LAMON AVE,60639,41.918814,-87.748515,45,43,NOT ENOUGH DATA,0.4,15.2,94.7,96.1,,,23.3,
Kelvyn Park High School,408,HS,4343 W WRIGHTWOOD AVE,60639,41.927918,-87.735999,23,11,WEAK,30.3,62,84.6,93,58.2,31.7,72.9,859
William P Nixon Elementary School,743,ES,2121 N KEELER AVE,60639,41.919581,-87.73142,21,22,WEAK,0.8,6,95.3,95.1,,,17.6,
Franz Peter Schubert Elementary School,665,ES,2727 N LONG AVE,60639,41.930403,-87.76119,45,46,NOT ENOUGH DATA,0.4,4.5,94.8,94.9,,,4.7,
North-Grand High School,993,HS,4338 W WABANSIA AVE,60639,41.911674,-87.735238,,,WEAK,18.2,14.3,88.5,94.8,68.6,51.5,45,903
Luther Burbank Elementary School,887,ES,2035 N MOBILE AVE,60639,41.917598,-87.7827,65,53,NEUTRAL,0,0,96,94.2,,,16.9,
Michael M Byrne Elementary School,687,ES,5329 S OAK PARK AVE,60638,41.795031,-87.791544,65,59,WEAK,1.1,36.8,94.2,94.5,,,15.4,
John H Kinzie Elementary School,687,ES,5625 S MOBILE AVE,60638,41.789965,-87.779483,80,78,STRONG,0.4,14.3,95.4,95.2,,,8.1,
Nathan Hale Elementary School,900,ES,6140 S MELVINA AVE,60638,41.780192,-87.776579,74,66,STRONG,2.3,44,94.9,95.3,,,10.6,
John C Dore Elementary School,701,ES,7134 W 65TH ST,60638,41.77382587,-87.79974193,74,70,WEAK,1.1,13.3,94.3,95.1,,,18.2,
Mark Twain Elementary School,1086,ES,5134 S LOTUS AVE,60638,41.799046,-87.758928,79,80,WEAK,0.5,11.8,95.7,95.3,,,0,
Phoebe Apperson Hearst Elementary School,356,ES,4640 S LAMON AVE,60638,41.808175,-87.745726,20,24,WEAK,3.9,14.6,95.4,94.6,,,28.7,
John F Kennedy High School,1610,HS,6325 W 56TH ST,60638,41.789961,-87.78084,,,WEAK,4.9,33.3,87.9,94.7,79.5,65.8,39.5,972
Robert L Grimes Elementary School,442,ES,5450 W 64TH PL,60638,41.775464,-87.758803,80,86,NEUTRAL,0.9,28.6,95.8,95.8,,,10.6,
William H Ray Elementary School,712,ES,5631 S KIMBARK AVE,60637,41.792348,-87.594752,66,67,WEAK,8.5,41.8,94.5,95.3,,,18.3,
Charles S Brownell Elementary School,183,ES,6741 S MICHIGAN AVE,60637,41.77162,-87.621746,10,7,WEAK,6.3,14.3,95.2,90.6,,,4,
Park Manor Elementary School,240,ES,7037 S RHODES AVE,60637,41.766477,-87.611546,49,38,NEUTRAL,5.6,38.3,95.8,96.4,,,24.7,
Emmett Louis Till Math and Science Academy,330,ES,6543 S CHAMPLAIN AVE,60637,41.775424,-87.609357,43,66,NEUTRAL,19,61,94.1,94.6,,,48.9,
James Wadsworth Elementary School,539,ES,6650 S ELLIS AVE,60637,41.773478,-87.601018,18,20,WEAK,1,85.7,95.9,95.2,,,33.4,
Bret Harte Elementary School,329,ES,1556 E 56TH ST,60637,41.793447,-87.586855,66,58,NEUTRAL,12,16.1,95.6,95.8,,,19.7,
John Foster Dulles Elementary School,706,ES,6311 S CALUMET AVE,60637,41.7799,-87.617214,5,12,WEAK,9.4,64.8,96,97.5,,,26.3,
Hyde Park Academy High School,798,HS,6220 S STONY ISLAND AVE,60637,41.782257,-87.586615,,,WEAK,21.1,16,86.3,93.7,57.3,57.6,82.7,832
John Fiske Elementary School,433,ES,6020 S LANGLEY AVE,60637,41.785183,-87.608633,54,44,STRONG,4.1,9.8,92.5,93.4,,,43.1,
William W Carter Elementary School,356,ES,5740 S MICHIGAN AVE,60637,41.789828,-87.622453,39,43,WEAK,5.5,44.2,96.5,98.2,,,23.2,
Claremont Academy Elementary School,458,ES,2300 W 64TH ST,60636,41.777511,-87.681061,11,9,NEUTRAL,12.8,38.1,94.5,93.8,,,42.7,
Charles W Earle Elementary School,352,ES,2040 W 62ND ST,60636,41.781225,-87.675547,33,41,VERY WEAK,5.5,32.9,93.2,94,,,44.3,
William Rainey Harper High School,87,HS,6520 S WOOD ST,60636,41.775124,-87.669089,,,WEAK,107.6,59.7,81,95.2,46.9,41.5,97.1,783
Luke O'Toole Elementary School,343,ES,6550 S SEELEY AVE,60636,41.774571,-87.674865,22,21,WEAK,0.3,100,95.2,93.4,,,29.9,
Charles R Henderson Elementary School,280,ES,5650 S WOLCOTT AVE,60636,41.790591,-87.671887,17,11,VERY WEAK,2.3,60,93.4,96.4,,,45.9,
Anna R. Langford Community Academy,238,ES,6010 S THROOP ST,60636,41.784681,-87.657169,9,6,VERY WEAK,1.3,20,93.1,94.2,,,62.6,
Daniel S Wentworth Elementary School,433,ES,1340 W 71ST ST,60636,41.765076,-87.658205,14,15,VERY WEAK,3.7,40,94.1,96,,,45.4,
Charles P Steinmetz College Preparatory HS,1233,HS,3030 N MOBILE AVE,60634,41.935634,-87.783515,,,WEAK,12.2,8.5,86.6,94.7,73,48.6,70.7,881
Josephine C Locke Elementary School,1240,ES,2828 N OAK PARK AVE,60634,41.931762,-87.795604,71,57,STRONG,1.4,17,94.9,93.6,,,15.1,
Arthur E Canty Elementary School,825,ES,3740 N PANAMA AVE,60634,41.948007,-87.829296,87,88,WEAK,0,0,95.2,95.2,,,12.2,
Marvin Camras Elementary School,946,ES,3000 N MANGO AVE,60634,41.934931,-87.770127,57,52,WEAK,0.9,40.9,95.8,94.5,,,16,
William E Dever Elementary School,741,ES,3436 N OSCEOLA AVE,60634,41.942552,-87.813132,79,76,WEAK,3.3,13.6,94.3,94.9,,,19.2,
Mary Lyon Elementary School,1347,ES,2941 N MCVICKER AVE,60634,41.934192,-87.777174,90,89,WEAK,5.2,35.8,95.1,93.6,,,15.1,
Peter A Reinberg Elementary School,746,ES,3425 N MAJOR AVE,60634,41.943019,-87.768983,68,62,WEAK,0.2,5.1,94.6,94.6,,,13.3,
Washington D Smyser Elementary School,866,ES,4310 N MELVINA AVE,60634,41.958868,-87.781975,79,76,WEAK,2.4,39.7,93.7,95.3,,,15.2,
Norman A Bridge Elementary School,1112,ES,3800 N NEW ENGLAND AVE,60634,41.949114,-87.798669,80,79,WEAK,0.3,9.1,95.1,94.6,,,3.3,
Virgil Grissom Elementary School,330,ES,12810 S ESCANABA AVE,60633,41.662481,-87.553307,83,79,WEAK,1.3,2,95.6,94,,,22.4,
Henry Clay Elementary School,592,ES,13231 S BURLEY AVE,60633,41.654558,-87.544614,49,46,WEAK,0.8,12.2,93.1,94.4,,,19.9,
Eric Solorio Academy High School,1195,HS,5400 S ST LOUIS AVE,60632,41.795201,-87.711059,,,WEAK,3.8,25,94.1,96.3,89.2,60.3,34.1,1000
Walter S Christopher Elementary School,375,ES,5042 S ARTESIAN AVE,60632,41.801659,-87.685607,35,35,NEUTRAL,0.3,25,84.7,94.3,,,21.4,
Thomas Kelly College Preparatory,#N/A,HS,4136 S CALIFORNIA AVE,60632,41.818729,-87.694639,,,VERY WEAK,0,0,89.1,93.8,72.2,54,38.3,923
Irene C. Hernandez Middle School for the Advancement of Science,1005,MS,3510 W 55TH ST,60632,41.793479,-87.71137,61,54,VERY WEAK,3.3,8.4,94.1,93.9,,,21.2,
James Shields Elementary School,689,ES,4250 S ROCKWELL ST,60632,41.815909,-87.689647,27,34,NOT ENOUGH DATA,1.1,23.3,95.5,93.9,,,15.5,
Nathan S Davis Elementary School,733,ES,3014 W 39TH PL,60632,41.821852,-87.700202,35,37,WEAK,1.9,13.5,94.3,94.7,,,6.4,
Talman Elementary School,389,ES,5450 S TALMAN AVE,60632,41.794048,-87.690261,70,84,NOT ENOUGH DATA,0.2,2.7,96.1,95.7,,,18.9,
Richard Edwards Elementary School,1461,ES,4815 S KARLOV AVE,60632,41.805542,-87.725856,57,55,STRONG,0.1,2.9,95.1,94.4,,,15.6,
Columbia Explorers Elementary Academy,985,ES,4520 S KEDZIE AVE,60632,41.811069,-87.704199,79,79,WEAK,0.8,5.3,96.5,96.8,,,9.7,
Brighton Park Elementary School,399,ES,3825 S WASHTENAW AVE,60632,41.8239,-87.692077,40,34,WEAK,2.9,41.2,94.7,95.2,,,15.7,
Florence Nightingale Elementary School,1243,ES,5250 S ROCKWELL ST,60632,41.797714,-87.689139,62,61,WEAK,1,23.1,95.3,94.9,,,10.7,
John C Burroughs Elementary School,445,ES,3542 S WASHTENAW AVE,60632,41.828868,-87.692457,79,79,NEUTRAL,0,0,95.4,94.5,,,22.9,
Sidney Sawyer Elementary School,1457,ES,5248 S SAWYER AVE,60632,41.797498,-87.705006,54,41,WEAK,1.1,9.9,95.1,93.9,,,17.7,
James Shields Middle School,592,MS,2611 W 48TH ST,60632,41.806491,-87.68978,54,49,VERY WEAK,3.5,11.1,95,94.1,,,24.1,
Norwood Park Elementary School,442,ES,5900 N NINA AVE,60631,41.988153,-87.802979,94,95,STRONG,0,0,96.2,96,,,7.4,
Edison Park Elementary School,545,ES,6220 N OLCOTT AVE,60631,41.994238,-87.813771,91,84,STRONG,0.2,100,95.7,95.8,,,8.1,
William J Onahan Elementary School,662,ES,6634 W RAVEN ST,60631,41.99379,-87.793108,83,84,STRONG,0.3,8.7,95,96.3,,,10.8,
Christian Ebinger Elementary School,864,ES,7350 W PRATT AVE,60631,42.004408,-87.81117,96,94,STRONG,0.4,6.1,95.4,95.6,,,7.9,
Frederick Stock Elementary School,229,ES,7507 W BIRCHWOOD AVE,60631,42.016892,-87.814195,,,NOT ENOUGH DATA,,,,93.4,,,,
William Howard Taft High School,3432,HS,6530 W BRYN MAWR AVE,60631,41.982961,-87.791547,99,99,WEAK,0.6,0.8,89.3,94.8,83,66.4,39.8,989
John Palmer Elementary School,758,ES,5051 N KENNETH AVE,60630,41.973289,-87.739213,81,84,NEUTRAL,4,27.7,94.7,94.8,,,13.4,
James B Farnsworth Elementary School,585,ES,5414 N LINDER AVE,60630,41.97979,-87.766072,79,84,WEAK,0.5,13,93.8,94.6,,,16.8,
Ernst Prussing Elementary School,727,ES,4650 N MENARD AVE,60630,41.965619,-87.772414,83,81,WEAK,1.6,20,94.9,94.4,,,12.9,
Robert J. Richardson Middle School,1127,MS,6018 S KARLOV,60629,41.783826,-87.725422,65,43,VERY WEAK,1.7,36.5,94.8,95.4,,,15,
Rachel Carson Elementary School,1003,ES,5516 S MAPLEWOOD AVE,60629,41.793272,-87.6878,66,62,VERY WEAK,3,10.8,96.2,96.4,,,11.1,
Enrico Tonti Elementary School,967,ES,5815 S HOMAN AVE,60629,41.787523,-87.708179,58,65,NOT ENOUGH DATA,0.2,10.5,95.3,96,,,19.6,
Socorro Sandoval Elementary School,891,ES,5534 S SAINT LOUIS AVE,60629,41.792346,-87.710987,54,65,NOT ENOUGH DATA,0,0,95.8,93.2,,,9.8,
Edward N Hurley Elementary School,852,ES,3849 W 69TH PL,60629,41.766785,-87.719541,51,55,WEAK,0,0,95.6,94.8,,,13.8,
Mariano Azuela Elementary School,889,ES,4707 W MARQUETTE RD,60629,41.771079,-87.73992,65,63,WEAK,0.5,6.7,94.8,94.6,,,15.9,
John F Eberhart Elementary School,1278,ES,3400 W 65TH PL,60629,41.77442,-87.707953,50,39,NEUTRAL,3.3,18.6,95,94.1,,,19.2,
Sor Juana Ines de la Cruz ES,92,ES,4120 W 57TH,60629,41.789597,-87.72638,,,NOT ENOUGH DATA,,,,,,,,
Fairfield Elementary Academy,562,ES,6201 S FAIRFIELD AVE,60629,41.780904,-87.692115,39,22,WEAK,16.8,13.6,93.9,94.9,,,17,
Gage Park High School,349,HS,5630 S ROCKWELL ST,60629,41.791013,-87.688954,,,VERY WEAK,9.5,8.6,91.5,95.9,58.5,47.4,60.7,811
Tarkington School of Excellence ES,949,ES,3330 W 71ST ST,60629,41.764407,-87.706445,69,75,WEAK,5.8,21.7,95.4,95.8,,,16.9,
Louis Pasteur Elementary School,624,ES,5825 S KOSTNER AVE,60629,41.786895,-87.732666,54,71,NOT ENOUGH DATA,0.1,2,94.7,94.4,,,11.1,
Gurdon S Hubbard High School,1706,HS,6200 S HAMLIN AVE,60629,41.780526,-87.718014,,,WEAK,9.8,34.8,89.8,95.3,83.1,57.4,49.1,905
Marquette Elementary School,1059,ES,6550 S RICHMOND ST,60629,41.773881,-87.69703,42,50,WEAK,5.3,70.5,95.7,96.9,,,24.1,
Ferdinand Peck Elementary School,936,ES,3826 W 58TH ST,60629,41.787899,-87.719216,65,62,NOT ENOUGH DATA,0.2,0.5,95.5,95.9,,,13.1,
Francis M McKay Elementary School,775,ES,6901 S FAIRFIELD AVE,60629,41.768143,-87.691787,17,15,WEAK,3.4,32.5,97.2,93.1,,,13.3,
Richard Henry Lee Elementary School,810,ES,6448 S TRIPP AVE,60629,41.775305,-87.728884,65,77,NEUTRAL,0.2,1.2,94.6,94.7,,,14.3,
Donald Morrill Math & Science Elementary School,599,ES,6011 S ROCKWELL ST,60629,41.784313,-87.688549,28,17,VERY WEAK,0,0,94.1,95.9,,,56.6,
John M Harlan Community Academy High School,327,HS,9652 S MICHIGAN AVE,60628,41.718372,-87.620623,,,WEAK,36.1,28.4,82.3,92.9,62.1,38.3,89.4,824
Ralph H Metcalfe Elementary Community Academy,357,ES,12339 S NORMAL AVE,60628,41.669444,-87.634306,9,8,WEAK,2.5,30.3,95.1,94.4,,,24.4,
George W Curtis Elementary School,510,ES,32 E 115TH ST,60628,41.685418,-87.621653,22,19,WEAK,4.5,45.5,94.3,95.9,,,46.3,
Ronald Brown Elementary Community Academy,355,ES,12607 S UNION AVE,60628,41.664873,-87.638958,39,28,NEUTRAL,11.1,29.1,95.4,94.5,,,33.4,
Frank I Bennett Elementary School,308,ES,10115 S PRAIRIE AVE,60628,41.710435,-87.61739,49,35,VERY WEAK,0,0,95.8,91.8,,,21.9,
Theophilus Schmid Elementary School,206,ES,9755 S GREENWOOD AVE,60628,41.716989,-87.596932,28,28,WEAK,5.4,57.9,94.8,95.1,,,35,
Fernwood Elementary School,270,ES,10041 S UNION AVE,60628,41.711184,-87.640414,75,80,VERY STRONG,0,0,95.3,97.5,,,25,
Langston Hughes Elementary School,471,ES,240 W 104TH ST,60628,41.705342,-87.629869,21,12,VERY WEAK,3.1,6.3,92.8,94.6,,,48.3,
George H Corliss High School,277,HS,821 E 103RD ST,60628,41.70666,-87.601216,,,WEAK,30.5,31.8,79,93.3,60.8,37.5,93,813
Alex Haley Elementary Academy,529,ES,11411 S EGGLESTON AVE,60628,41.68666,-87.633632,29,30,WEAK,1.9,16.2,95.7,94.4,,,2.5,
Dunne Technology Academy,201,ES,10845 S UNION AVE,60628,41.696496,-87.639974,51,18,VERY STRONG,3.1,50,94.9,92.5,,,3.5,
Countee Cullen Elementary School,201,ES,10650 S EBERHART AVE,60628,41.700335,-87.611244,79,56,WEAK,10.2,19.6,95,95.3,,,16.3,
Christian Fenger Academy High School,203,HS,11220 S WALLACE ST,60628,41.689951,-87.637572,,,NEUTRAL,57.7,15,86.3,93.9,54.3,40.6,82,834
Medgar Evers Elementary School,282,ES,9811 S LOWE AVE,60628,41.715665,-87.639305,51,43,WEAK,1.3,16.7,96.8,94.4,,,3,
Jesse Owens Elementary Community Academy,344,ES,12302 S STATE ST,60628,41.670618,-87.622546,12,9,STRONG,9.3,19.9,92.1,91.2,,,37.2,
Mildred I Lavizzo Elementary School,359,ES,138 W 109TH ST,60628,41.696262,-87.627148,41,37,WEAK,1.1,23.5,96.6,94.3,,,35.4,
Wendell Smith Elementary School,334,ES,744 E 103RD ST,60628,41.707558,-87.60466,41,50,NEUTRAL,6.6,7,96,95.1,,,12,
George M Pullman Elementary School,418,ES,11311 S FORRESTVILLE AVE,60628,41.688819,-87.609431,67,47,WEAK,6.5,17.4,96.1,96.3,,,40.8,
Stephen F Gale Elementary Community Academy,301,ES,1631 W JONQUIL TER,60626,42.021091,-87.671939,28,16,WEAK,5.8,44.7,91.9,92.6,,,38.7,
Roger C Sullivan High School,660,HS,6631 N BOSWORTH AVE,60626,42.002688,-87.669192,,,WEAK,6,12,86.5,95.5,58.8,58,84.6,862
New Field Elementary School,664,ES,1707 W MORSE AVE,60626,42.007703,-87.673168,50,52,NOT ENOUGH DATA,0.4,2,95.5,95.7,,,13.6,
Jordan Elementary Community School,474,ES,7414 N WOLCOTT AVE,60626,42.017088,-87.677763,57,52,WEAK,3.9,15.4,95.4,94.3,,,29.2,
Joyce Kilmer Elementary School,776,ES,6700 N GREENVIEW AVE,60626,42.00364,-87.668222,67,52,STRONG,0.1,7.1,94.6,94.6,,,25.2,
Eugene Field Elementary School,157,ES,7019 N ASHLAND AVE,60626,42.009664,-87.669985,37,22,VERY WEAK,1,40,95.1,95,,,20.9,
Eliza Chappell Elementary School,552,ES,2135 W FOSTER AVE,60625,41.975894,-87.683264,84,81,NEUTRAL,8.6,19.7,94.8,96.6,,,4.1,
William G Hibbard Elementary School,960,ES,3244 W AINSLIE ST,60625,41.970335,-87.710362,51,62,VERY WEAK,0.4,44.4,96,95.2,,,13.4,
Albany Park Multicultural Academy,282,MS,4929 N SAWYER AVE,60625,41.971504,-87.710609,81,82,NEUTRAL,1.8,8.5,96.7,94.4,,,8,
Helge A Haugan Elementary School,891,ES,4540 N HAMLIN AVE,60625,41.964029,-87.723128,55,45,WEAK,2,11,94.9,93.3,,,18.4,
Alessandro Volta Elementary School,826,ES,4950 N AVERS AVE,60625,41.971634,-87.724605,64,66,NEUTRAL,0.9,8.4,95.9,94,,,2.5,
Lyman A Budlong Elementary School,720,ES,2701 W FOSTER AVE,60625,41.975754,-87.696556,87,85,NEUTRAL,0.3,2,96,95.1,,,14.3,
Roald Amundsen High School,1291,HS,5110 N DAMEN AVE,60625,41.975067,-87.679484,,,NEUTRAL,7.8,17.2,91.3,95.6,80.6,64,44.4,1012
Theodore Roosevelt High School,962,HS,3436 W WILSON AVE,60625,41.964828,-87.714819,39,23,WEAK,13.3,19.2,86.9,94.7,62.6,58.2,58,882
Thomas J Waters Elementary School,641,ES,4540 N CAMPBELL AVE,60625,41.964165,-87.691433,96,90,STRONG,0,0,95,93.8,,,9,
Mary Gage Peterson Elementary School,888,ES,5510 N CHRISTIANA AVE,60625,41.981557,-87.712583,81,76,NEUTRAL,2.9,10.8,95.3,95.6,,,9.6,
Orr Academy High School,225,HS,730 N PULASKI RD,60624,41.894449,-87.726166,,,WEAK,41.1,43.4,62.1,93.5,34.6,48.4,112.1,801
Laura S Ward Elementary School,388,ES,646 N LAWNDALE AVE,60624,41.893236,-87.718797,12,14,VERY WEAK,18.3,38,91.1,93.4,,,38.5,
George W Tilton Elementary School,308,ES,223 N KEELER AVE,60624,41.884102,-87.730566,39,29,WEAK,13.7,24,92.6,95.7,,,28.3,
Helen M Hefferan Elementary School,358,ES,4409 W WILCOX ST,60624,41.878665,-87.735802,96,89,STRONG,2.3,53.3,94.1,95.8,,,40.7,
Genevieve Melody Elementary School,430,ES,3937 W WILCOX ST,60624,41.878799,-87.724661,12,11,WEAK,0.4,22.2,95.4,95.7,,,8.8,
John Milton Gregory Elementary School,341,ES,3715 W POLK ST,60624,41.870742,-87.718666,26,26,NEUTRAL,4,42.4,92,94.6,,,54.7,
Michael Faraday Elementary School,245,ES,3250 W MONROE ST,60624,41.879714,-87.708092,51,48,VERY WEAK,13.9,80.8,93.9,94.5,,,39.1,
Daniel Webster Elementary School,280,ES,4055 W ARTHINGTON ST,60624,41.869916,-87.727524,70,54,NEUTRAL,0,0,94.2,95.9,,,32.6,
John Marshall Metropolitan High School,258,HS,3250 W ADAMS ST,60624,41.878444,-87.70805,,,NEUTRAL,67.7,20.7,79,93.8,50.4,43.5,120.3,804
Charles Sumner  Math & Science Community Acad ES,282,ES,4320 W 5TH AVE,60624,41.870828,-87.733524,48,52,NEUTRAL,1.6,13.3,95.2,96.6,,,28.1,
William Penn Elementary School,280,ES,1616 S AVERS AVE,60623,41.858372,-87.722386,37,23,VERY WEAK,2.2,19.5,94.5,92.8,,,26,
Josefa Ortiz De Dominguez Elementary School,519,ES,3000 S LAWNDALE AVE,60623,41.838791,-87.71719,38,38,NOT ENOUGH DATA,0,0,95.3,94.9,,,14.6,
Lawndale Elementary Community Academy,231,ES,3500 W DOUGLAS BLVD,60623,41.86296,-87.712957,9,5,WEAK,3.8,32.4,94,93.3,,,44.3,
Dvorak Technology Academy,393,ES,3615 W 16TH ST,60623,41.858883,-87.715744,24,31,WEAK,11.5,13.3,95.2,97,,,31.6,
Lazaro Cardenas Elementary School,1156,ES,2345 S MILLARD AVE,60623,41.848488,-87.716017,69,83,NOT ENOUGH DATA,0.2,2.7,95.7,96.9,,,11.5,
Little Village Elementary School,748,ES,2620 S LAWNDALE AVE,60623,41.843698,-87.717319,47,36,WEAK,0.4,60,95.2,94.9,,,17.2,
Joseph E Gary Elementary School,1111,ES,3740 W 31ST ST,60623,41.837065,-87.718697,55,40,NEUTRAL,1.2,8.4,95.2,95.9,,,17.3,
Crown Community Academy of Fine Arts Center ES,212,ES,2128 S SAINT LOUIS AVE,60623,41.852663,-87.71247,12,6,STRONG,2.5,3.1,93.1,95.1,,,42.4,
Cyrus H McCormick Elementary School,610,ES,2712 S SAWYER AVE,60623,41.842267,-87.7063,24,29,NOT ENOUGH DATA,0.9,14.3,94.9,94.3,,,14.8,
James Weldon Johnson Elementary School,382,ES,1420 S ALBANY AVE,60623,41.861836,-87.703139,22,28,WEAK,2.3,11.8,95.6,95.8,,,33.6,
Daniel J Corkery Elementary School,468,ES,2510 S KILDARE AVE,60623,41.845602,-87.731193,38,35,WEAK,1.5,22.9,94,96.1,,,18.8,
Theodore Herzl Elementary School,560,ES,3711 W DOUGLAS BLVD,60623,41.862081,-87.718994,6,14,NEUTRAL,38.5,17.8,95,96.4,,,26.3,
Emiliano Zapata Elementary Academy,718,ES,2728 S KOSTNER AVE,60623,41.841394,-87.734313,61,78,STRONG,0.7,60,95.9,95.8,,,10.6,
John Spry Elementary Community School,510,ES,2400 S MARSHALL BLVD,60623,41.847747,-87.700184,29,22,WEAK,3.1,30.5,93.5,95.2,,,29.3,
Gerald Delgado Kanoon Elementary Magnet School,544,ES,2233 S KEDZIE AVE,60623,41.850771,-87.705112,37,31,WEAK,2.1,23,94.2,95.5,,,25,
Eli Whitney Elementary School,899,ES,2815 S KOMENSKY AVE,60623,41.84008,-87.725546,55,61,VERY WEAK,1,6.3,94.9,93.7,,,7.9,
Charles Evans Hughes Elementary School,265,ES,4247 W 15TH ST,60623,41.860518,-87.731777,34,39,NEUTRAL,0.7,13.3,94.9,95,,,11,
Telpochcalli Elementary School,275,ES,2832 W 24TH BLVD,60623,41.847947,-87.696006,51,30,WEAK,0.3,20,93.1,95.2,,,17.1,
Charles G Hammond Elementary School,384,ES,2819 W 21ST PL,60623,41.852719,-87.696243,49,26,WEAK,0,0,94.9,93.5,,,19,
Spry Community Links High School,126,HS,2400 S MARSHALL BLVD,60623,41.847762,-87.698946,,,WEAK,6.3,11.3,87.4,96.7,66.1,46.2,52.7,857
David G Farragut Career Academy High School,668,HS,2345 S CHRISTIANA AVE,60623,41.84856,-87.708706,,,WEAK,16.1,34.3,85.8,93.8,68.8,39.8,50.1,880
Francisco I Madero Middle School,321,MS,3202 W 28TH ST,60623,41.840957,-87.705064,51,45,VERY WEAK,3.9,56.5,94,95.8,,,15.6,
Jonathan Burr Elementary School,476,ES,1621 W WABANSIA AVE,60622,41.912358,-87.668661,84,79,VERY STRONG,0.2,6.7,96.5,96.5,,,14.8,
Wells Community Academy High School,365,HS,936 N ASHLAND AVE,60622,41.898995,-87.667483,,,WEAK,0.8,5,88.7,94.2,71.5,43.6,30.9,860
Christopher Columbus Elementary School,264,ES,1003 N LEAVITT ST,60622,41.899566,-87.681938,78,73,VERY STRONG,2,3.4,95.4,95.2,,,7.1,
Jose De Diego Elementary Community Academy,588,ES,1313 N CLAREMONT AVE,60622,41.905294,-87.685756,38,25,WEAK,9.7,48.1,91.5,94.4,,,32.6,
Frederic Chopin Elementary School,391,ES,2450 W RICE ST,60622,41.896713,-87.688937,29,38,VERY WEAK,3.7,7.2,92.4,93.9,,,39.6,
Roberto Clemente Community Academy High School,703,HS,1147 N WESTERN AVE,60622,41.902626,-87.686906,,,VERY WEAK,70.4,18.4,82.7,96.6,64.2,49.4,89.2,850
Mancel Talcott Elementary School,472,ES,1840 W OHIO ST,60622,41.892405,-87.673723,66,54,WEAK,0.8,4.3,95.2,95.5,,,15,
Perkins Bass Elementary School,461,ES,1140 W 66TH ST,60621,41.774246,-87.653532,19,30,STRONG,8.4,16.4,94.3,94.3,,,27,
Benjamin E Mays Elementary Academy,400,ES,6656 S NORMAL BLVD,60621,41.772727,-87.637277,15,15,WEAK,3.2,33.3,91.5,95.8,,,60.2,
Englewood STEM High School,#N/A,HS,6835 S NORMAL,60621,41.770251,-87.639061,,,,,,,,,,,
Lillian R. Nicholson STEM Academy,461,ES,6006 S PEORIA ST,60621,41.784942,-87.647453,3,3,NOT ENOUGH DATA,6.2,30.4,94.1,93.7,,,25.3,
Carrie Jacobs Bond Elementary School,268,ES,7050 S MAY ST,60621,41.765361,-87.653018,10,12,STRONG,9.1,46.7,93.8,93.8,,,44.5,
Hope College Preparatory High School,22,HS,5515 S LOWE AVE,60621,41.793553,-87.641244,,,WEAK,32.3,26.4,83.7,90.8,40.4,44.2,81.2,767
Dr. Martin L. King Jr Academy of Social Justice,229,ES,644 W 71ST ST,60621,41.765335,-87.641335,4,10,WEAK,19.1,26.9,92.1,93.1,,,47.8,
Jesse Sherwood Elementary School,290,ES,245 W 57TH ST,60621,41.7908,-87.632279,67,63,STRONG,0.9,9.4,96.1,96.3,,,27.9,
Amos Alonzo Stagg Elementary School,402,ES,7424 S MORGAN ST,60621,41.758925,-87.649217,27,17,NEUTRAL,5.4,6.6,96,95.2,,,28,
Francis W Parker Elementary Community Academy,504,ES,6800 S STEWART AVE,60621,41.77078,-87.634086,26,32,VERY WEAK,8.5,24.1,93.9,94.8,,,24.4,
Oliver Wendell Holmes Elementary School,137,ES,955 W GARFIELD BLVD,60621,41.793788,-87.649795,21,11,STRONG,10.9,62.9,93.2,95.3,,,53.5,
Foster Park Elementary School,356,ES,8530 S WOOD ST,60620,41.738425,-87.668099,46,34,VERY STRONG,3.2,52.2,94.6,93.9,,,29.2,
William H Ryder Math & Science Specialty ES,403,ES,8716 S WALLACE ST,60620,41.735379,-87.638843,68,60,STRONG,0,0,96.3,93.4,,,20.4,
John W Cook Elementary School,351,ES,8150 S BISHOP ST,60620,41.745237,-87.659775,29,29,WEAK,4.5,38.6,92.4,93,,,51.1,
Clara Barton Elementary School,386,ES,7650 S WOLCOTT AVE,60620,41.754194,-87.670927,20,6,WEAK,8.6,61.3,93.7,94.9,,,37.9,
Rudyard Kipling Elementary School,286,ES,9351 S LOWE AVE,60620,41.723627,-87.639521,41,34,WEAK,0,0,95.8,94.9,,,27.3,
Mahalia Jackson Elementary School,383,ES,917 W 88TH ST,60620,41.734125,-87.646767,9,11,NEUTRAL,5.7,18.4,93.3,95.5,,,45.4,
Fort Dearborn Elementary School,358,ES,9025 S THROOP ST,60620,41.729673,-87.655481,33,26,WEAK,8.3,15.3,94.2,95.2,,,13.2,
Richard J Oglesby Elementary School,483,ES,7646 S GREEN ST,60620,41.75467,-87.645469,10,5,VERY WEAK,2.4,5.4,94,94.5,,,64.1,
Paul Cuffe Math-Science Technology Academy ES,304,ES,8324 S RACINE AVE,60620,41.742452,-87.653633,55,30,VERY STRONG,1.1,50,94.5,95.9,,,29.1,
Scott Joplin Elementary School,431,ES,7931 S HONORE ST,60620,41.749339,-87.669366,25,31,NEUTRAL,0.7,9.7,95.6,93,,,29.2,
John Harvard Elementary School of Excellence,367,ES,7525 S HARVARD,60620,41.757341,-87.632737,19,21,WEAK,4.4,3.1,96.1,96.5,,,31.9,
Oliver S Westcott Elementary School,400,ES,409 W 80TH ST,60620,41.748868,-87.634751,23,16,WEAK,0.7,9.7,93.3,94.7,,,53.8,
Walter Q Gresham Elementary School,325,ES,8524 S GREEN ST,60620,41.73892,-87.645025,42,50,WEAK,17.1,39,96.1,96.1,,,24.9,
Emil G Hirsch Metropolitan High School,103,HS,7740 S INGLESIDE AVE,60619,41.753748,-87.601727,,,NEUTRAL,23,22.8,80.2,93.8,44.2,21.9,100.8,781
Avalon Park Elementary School,268,ES,8045 S KENWOOD AVE,60619,41.748247,-87.591654,40,39,WEAK,2.8,26.7,95.1,94.7,,,38.5,
Frank L Gillespie Elementary School,465,ES,9301 S STATE ST,60619,41.725332,-87.623719,39,28,STRONG,0.4,22.2,92.9,93.7,,,55.1,
Jane A Neil Elementary School,291,ES,8555 S MICHIGAN AVE,60619,41.738407,-87.620933,22,8,VERY WEAK,0.4,1.4,89.4,94.6,,,56.2,
James Madison Elementary School,202,ES,7433 S DORCHESTER AVE,60619,41.759548,-87.590712,24,7,WEAK,6.3,28.8,94.5,95.4,,,54.5,
Harold Washington Elementary School,316,ES,9130 S UNIVERSITY AVE,60619,41.728534,-87.596257,19,14,VERY WEAK,9.8,52.2,94.3,95.2,,,27.1,
Martha Ruggles Elementary School,413,ES,7831 S PRAIRIE AVE,60619,41.751946,-87.618066,62,39,NEUTRAL,2.2,23.1,94.3,95.5,,,14,
Charles S Deneen Elementary School,502,ES,7240 S WABASH AVE,60619,41.76249,-87.623345,17,23,STRONG,26,24.9,93.5,95.4,,,34.8,
Mary E McDowell Elementary School,154,ES,1419 E 89TH ST,60619,41.733132,-87.589589,65,66,NOT ENOUGH DATA,0,0,96.9,95.3,,,23.8,
Arthur R Ashe Elementary School,312,ES,8505 S INGLESIDE AVE,60619,41.740184,-87.601174,17,17,VERY WEAK,5.9,30.4,92.5,94.3,,,39.8,
Arthur Dixon Elementary School,562,ES,8306 S SAINT LAWRENCE AVE,60619,41.743669,-87.609979,95,98,NEUTRAL,3.8,56.4,95.7,95.2,,,14.8,
John T Pirie Fine Arts & Academic Center ES,233,ES,650 E 85TH ST,60619,41.74034,-87.607891,49,26,VERY WEAK,14.8,23.6,94.5,95,,,29.6,
Henry O Tanner Elementary School,316,ES,7350 S EVANS AVE,60619,41.760673,-87.606791,36,28,NEUTRAL,4.8,14.9,92.7,95.4,,,54.9,
Paul Revere Elementary School,242,ES,1010 E 72ND ST,60619,41.764196,-87.600177,48,25,VERY WEAK,4.4,21.3,94,94.5,,,46.7,
Patrick Henry Elementary School,522,ES,4250 N SAINT LOUIS AVE,60618,41.958989,-87.715632,52,61,STRONG,0,0,95.1,94.8,,,27.2,
John J Audubon Elementary School,571,ES,3500 N HOYNE AVE,60618,41.945062,-87.681041,94,86,STRONG,0.9,22.7,95.6,95.6,,,6.2,
Grover Cleveland Elementary School,555,ES,3121 W BYRON ST,60618,41.952042,-87.706443,68,52,WEAK,0.8,11.4,95.1,96.5,,,23.4,
Federico Garcia Lorca Elementary School,761,ES,3231 N SPRINGFIELD AVE,60618,41.940026,-87.724783,63,64,WEAK,0,0,96,95.8,,,12.7,
John B Murphy Elementary School,543,ES,3539 W GRACE ST,60618,41.950078,-87.716832,67,49,NEUTRAL,2.2,13.6,95.3,95.7,,,9.9,
Avondale-Logandale Elementary School,#N/A,ES,3212 W GEORGE ST,60618,41.93397,-87.708041,43,57,WEAK,3,15.4,95.2,94.5,,,10.6,
Carl von Linne Elementary School,662,ES,3221 N SACRAMENTO AVE,60618,41.940009,-87.702635,90,94,STRONG,0,0,96.1,96.8,,,13.9,
Newton Bateman Elementary School,948,ES,4220 N RICHMOND ST,60618,41.95822,-87.702151,70,65,NEUTRAL,0.7,7.8,95.6,95.8,,,10.9,
Frank W Reilly Elementary School,852,ES,3650 W SCHOOL ST,60618,41.941094,-87.719541,58,48,WEAK,2.5,16.4,95.8,94.7,,,17.3,
Horace Mann Elementary School,333,ES,8050 S CHAPPEL AVE,60617,41.748274,-87.574816,38,31,WEAK,35.7,62.1,95.4,95.5,,,41.5,
Edward E. Sadlowski Elementary School,#N/A,ES,3930 E 105TH,60617,41.704859,-87.527985,55,47,NEUTRAL,0,0,94.4,95.6,,,21.3,
John L Marsh Elementary School,748,ES,9822 S EXCHANGE AVE,60617,41.716588,-87.552483,66,62,NEUTRAL,0,0,95.2,95.5,,,31.2,
Charles P Caldwell Academy of Math & Science ES,269,ES,8546 S CREGIER AVE,60617,41.739226,-87.580729,85,63,VERY STRONG,0.4,8.3,93.2,96.5,,,40.3,
Douglas Taylor Elementary School,417,ES,9912 S AVENUE H,60617,41.71547,-87.532971,53,49,WEAK,6.6,21.5,95,93.6,,,22,
Ninos Heroes Elementary Academic Center,335,ES,8344 S COMMERCIAL AVE,60617,41.743753,-87.551862,24,10,VERY WEAK,15,17,90.7,93.3,,,52.8,
Joseph Warren Elementary School,214,ES,9239 S JEFFERY AVE,60617,41.726763,-87.575353,67,60,NEUTRAL,13.2,62.3,93.4,95.1,,,41.4,
Jane Addams Elementary School,678,ES,10810 S AVENUE H,60617,41.698739,-87.532976,74,73,NEUTRAL,0,0,95.2,94,,,13.8,
Arnold Mireles Elementary Academy,450,ES,9000 S EXCHANGE AVE,60617,41.731717,-87.552788,29,20,VERY WEAK,5.4,11.4,93.2,95.6,,,29.3,
Thomas Hoyne Elementary School,236,ES,8905 S CRANDON AVE,60617,41.733338,-87.568228,69,60,WEAK,1.2,9.1,95,94.3,,,43.5,
Amelia Earhart Options for Knowledge ES,222,ES,1710 E 93RD ST,60617,41.726107,-87.582182,84,78,STRONG,0.4,11.1,96.2,94.9,,,5.5,
Orville T Bright Elementary School,297,ES,10740 S CALHOUN AVE,60617,41.699726,-87.562084,21,19,WEAK,4,18.5,95.5,94.7,,,14.5,
George Washington High School,1445,HS,3535 E 114TH ST,60617,41.688137,-87.53757,,,WEAK,9.4,1,87.9,95,81.8,56.7,46.6,956
Edward Coles Elementary Language Academy,388,ES,8441 S YATES BLVD,60617,41.741413,-87.56597,57,71,WEAK,1.3,8.5,95.4,94.9,,,40.3,
William K New Sullivan Elementary School,519,ES,8331 S MACKINAW AVE,60617,41.743829,-87.542928,35,34,STRONG,4,45.2,91.8,93.2,,,34.1,
James N Thorp Elementary School,309,ES,8914 S BUFFALO AVE,60617,41.733324,-87.54428,24,11,NEUTRAL,9.3,20.4,93.3,94.3,,,43.3,
Burnham Elementary Inclusive Academy,526,ES,9928 S CRANDON AVE,60617,41.714402,-87.567131,39,24,WEAK,1.3,7.3,94.2,94.5,,,43.3,
George Washington Elementary School,825,ES,3611 E 114TH ST,60617,41.688131,-87.536015,67,63,NEUTRAL,0.3,10,95.3,95,,,5.2,
James Ward Elementary School,555,ES,2701 S SHIELDS AVE,60616,41.84398,-87.635356,85,96,WEAK,0.9,8.6,98.2,94.8,,,1.8,
John B Drake Elementary School,333,ES,2710 S DEARBORN ST,60616,41.844043,-87.628553,17,8,STRONG,7.3,44.6,92.3,94.6,,,39.4,
John Charles Haines Elementary School,682,ES,247 W 23RD PL,60616,41.849958,-87.633806,90,98,WEAK,0,0,98.2,95.4,,,5.7,
Robert Healy Elementary School,1410,ES,3010 S PARNELL AVE,60616,41.839595,-87.640341,94,98,WEAK,7,0.7,96.6,95.4,,,4.4,
National Teachers Elementary Academy,735,ES,55 W CERMAK RD,60616,41.8528,-87.629308,72,66,NEUTRAL,7.2,9,95.9,96.8,,,19.1,
James R Doolittle Jr Elementary School,263,ES,535 E 35TH ST,60616,41.831121,-87.612275,5,4,VERY WEAK,9,18.7,92.1,95.5,,,49,
Edmond Burke Elementary School,414,ES,5356 S KING DR,60615,41.79676,-87.616141,13,20,NEUTRAL,2.8,8.6,93.2,95.3,,,60,
Walter Henri Dyett High School for the Arts,484,HS,555 E 51ST,60615,41.801204,-87.612239,,,WEAK,49.9,86.9,92.5,94.6,,,6.4,
Charles Kozminski Elementary Community Academy,258,ES,936 E 54TH ST,60615,41.798002,-87.602481,34,28,NEUTRAL,8.8,18.6,94,96.8,,,47,
Beulah Shoesmith Elementary School,355,ES,1330 E 50TH ST,60615,41.804294,-87.593905,69,55,NEUTRAL,2.2,18.2,95.2,96,,,15,
Kenwood Academy High School,1863,HS,5015 S BLACKSTONE AVE,60615,41.803772,-87.590421,99,99,NEUTRAL,15.8,16.4,92.9,95.2,85.7,77.1,25.2,1040
William C Reavis Math & Science Specialty ES,257,ES,834 E 50TH ST,60615,41.804174,-87.604925,39,47,NEUTRAL,1.6,7.5,94.4,94.9,,,48.5,
William H Prescott Elementary School,450,ES,1632 W WRIGHTWOOD AVE,60614,41.928841,-87.669528,90,88,VERY STRONG,0,0,95.6,96.5,,,8.7,
Louisa May Alcott College Preparatory ES,649,ES,2625 N ORCHARD ST,60614,41.92985,-87.646413,97,96,NEUTRAL,0.2,0.5,95,94.8,,,11.3,
Abraham Lincoln Elementary School,956,ES,615 W KEMPER PL,60614,41.924525,-87.644497,99,98,VERY STRONG,0.1,20,95.8,95.5,,,0.7,
Lincoln Park High School,2105,HS,2001 N ORCHARD ST,60614,41.918268,-87.646009,,,WEAK,2,28.8,90.2,95.1,87.7,80,28.5,1087
Joseph Brennemann Elementary School,414,ES,4251 N CLARENDON AVE,60613,41.959984,-87.649749,69,64,NOT ENOUGH DATA,1.2,15.2,97.5,96.7,,,9.5,
Lake View High School,1385,HS,4015 N ASHLAND AVE,60613,41.954764,-87.668953,,,WEAK,6.2,7.9,89.4,95.7,80.5,65.6,43.4,945
James G Blaine Elementary School,823,ES,1420 W GRACE ST,60613,41.950781,-87.664968,97,94,STRONG,0.9,61.5,96.1,95.1,,,15.6,
Ravenswood Elementary School,549,ES,4332 N PAULINA ST,60613,41.960746,-87.670922,94,89,STRONG,0.4,11.1,95.9,95.8,,,13.4,
Horace Greeley Elementary School,547,ES,832 W SHERIDAN RD,60613,41.95281,-87.65098,85,86,WEAK,0.7,44.4,95.6,95.9,,,8.1,
Jacob Beidler Elementary School,397,ES,3151 W WALNUT ST,60612,41.885321,-87.705855,23,24,STRONG,3,20.3,94.8,93.9,,,37.2,
William H Brown Elementary School,226,ES,54 N HERMITAGE AVE,60612,41.882997,-87.670682,26,15,NEUTRAL,3.1,16.1,93.3,93.7,,,31.6,
Morton School of Excellence,277,ES,431 N TROY ST,60612,41.889178,-87.705108,55,54,NEUTRAL,6.3,21.7,94.9,95.9,,,27.7,
Robert Nathaniel Dett Elementary School,310,ES,2131 W MONROE ST,60612,41.87987,-87.680315,4,2,STRONG,3.4,78.6,95,93.9,,,44.3,
Joseph Kellman Corporate Community ES,304,ES,3030 W ARTHINGTON ST,60612,41.870168,-87.702163,46,28,VERY WEAK,13.2,39.1,94.6,94.3,,,8.5,
Washington Irving Elementary School,385,ES,749 S OAKLEY BLVD,60612,41.871595,-87.683616,38,22,WEAK,1.5,1.1,93.9,93.8,,,22.6,
Ellen Mitchell Elementary School,420,ES,2233 W OHIO ST,60612,41.892082,-87.683185,87,78,VERY STRONG,1.3,20.8,95.7,97.1,,,7.2,
Willa Cather Elementary School,369,ES,2908 W WASHINGTON BLVD,60612,41.88295,-87.699187,41,27,VERY WEAK,7.9,86.1,92.1,95,,,33,
Manley Career Academy High School,83,HS,2935 W POLK ST,60612,41.870939,-87.699896,,,WEAK,55,15.4,73.9,92.5,40.4,30.9,102.3,759
William B Ogden Elementary School,1343,ES,24 W WALTON ST,60610,41.899976,-87.629297,94,86,NOT ENOUGH DATA,0.2,12.5,94.8,96.3,,,13.1,
George Manierre Elementary School,357,ES,1420 N HUDSON AVE,60610,41.908247,-87.639827,15,25,WEAK,0.3,1.5,94.3,94,,,46.4,
Ludwig Van Beethoven Elementary School,322,ES,25 W 47TH ST,60609,41.809135,-87.627137,22,8,WEAK,8.8,16.3,91.3,92.1,,,61.9,
Back of the Yards IB HS,1069,HS,2111 W 47TH ST,60609,41.808413,-87.677541,,,WEAK,4,73.2,94.1,96.2,91.3,,26.8,990
Velma F Thomas Early Childhood Center,165,ES,3625 S HOYNE AVE,60609,41.827775,-87.677542,,,NOT ENOUGH DATA,,,,94.2,,,,
Edward Tilden Career Community Academy HS,217,HS,4747 S UNION AVE,60609,41.80751,-87.642966,,,VERY WEAK,48.4,52.2,80.7,94.1,50,37.3,92.6,828
Richard J Daley Elementary Academy,563,ES,5024 S WOLCOTT AVE,60609,41.802343,-87.672206,34,24,WEAK,0.8,4.6,94.7,94.9,,,0.2,
Cesar E Chavez Multicultural Academic Center ES,932,ES,4747 S MARSHFIELD AVE,60609,41.807143,-87.666037,71,94,NEUTRAL,1.4,45.2,96.5,95.1,,,10.4,
William T Sherman Elementary School,261,ES,1000 W 52ND ST,60609,41.799766,-87.650221,14,17,VERY STRONG,11.1,29.8,95.9,94.5,,,27.1,
George B McClellan Elementary School,340,ES,3527 S WALLACE ST,60609,41.829993,-87.641103,80,75,WEAK,0,0,94.9,93.8,,,31,
Ellen H Richards Career Academy High School,224,HS,5009 S LAFLIN ST,60609,41.802881,-87.662278,,,VERY WEAK,47.8,49.8,76.9,93.8,56.9,50.7,104.2,803
John H Hamline Elementary School,547,ES,4747 S BISHOP ST,60609,41.807242,-87.661175,17,15,WEAK,6.3,18.1,92.7,95.3,,,28,
William H Seward Communication Arts Academy ES,616,ES,4600 S HERMITAGE AVE,60609,41.810333,-87.668772,43,32,WEAK,0.3,7.4,95.6,95.3,,,21.3,
Thomas A Hendricks Elementary Community Academy,238,ES,4316 S PRINCETON AVE,60609,41.815788,-87.633664,27,31,STRONG,8.3,22.4,93.4,96,,,39.1,
Alexander Graham Elementary School,411,ES,4436 S UNION AVE,60609,41.813304,-87.643344,54,47,NEUTRAL,10.4,33.3,92.7,95.1,,,37.1,
Arthur A Libby Elementary School,344,ES,5300 S LOOMIS BLVD,60609,41.797685,-87.659933,21,24,WEAK,5.5,31.3,95.4,95.2,,,39.3,
Nathanael Greene Elementary School,414,ES,3525 S HONORE ST,60609,41.829669,-87.671492,47,47,NOT ENOUGH DATA,0.4,1.4,94.8,94,,,16.4,
Robert Fulton Elementary School,371,ES,5300 S HERMITAGE AVE,60609,41.79758,-87.668436,26,31,VERY WEAK,6.8,92.9,94.7,94.5,,,33.8,
Agustin Lara Elementary Academy,410,ES,4619 S WOLCOTT AVE,60609,41.80977,-87.672182,55,59,WEAK,0.4,13.3,95.4,96.3,,,18.4,
Evergreen Academy Middle School,307,MS,3537 S PAULINA ST,60609,41.829356,-87.667817,65,47,NEUTRAL,5.3,37.2,96,96.2,,,19.9,
James Hedges Elementary School,610,ES,4747 S WINCHESTER AVE,60609,41.807112,-87.673327,37,27,VERY WEAK,0.4,9.7,95.8,94.8,,,34.7,
Dewey Elementary Academy of Fine Arts,398,ES,5415 S UNION AVE,60609,41.795646,-87.642652,21,27,STRONG,1.2,20,95.9,96.5,,,31,
Phillip D Armour Elementary School,265,ES,950 W 33RD PL,60608,41.833854,-87.650653,59,43,WEAK,0.7,14.3,94.6,95,,,15.1,
Thomas Chalmers Specialty Elementary School,333,ES,2745 W ROOSEVELT RD,60608,41.866435,-87.695259,20,20,WEAK,33.9,78.7,96.2,95.2,,,28.4,
Manuel Perez Elementary School,316,ES,1241 W 19TH ST,60608,41.856029,-87.65798,73,76,VERY STRONG,0,0,95.5,96.6,,,21.4,
Ambrose Plamondon Elementary School,134,ES,2642 W 15TH PL,60608,41.860259,-87.692526,72,50,NEUTRAL,0.7,11.1,95.7,95.6,,,26.4,
Peter Cooper Elementary Dual Language Academy,418,ES,1624 W 19TH ST,60608,41.856031,-87.667227,48,42,NOT ENOUGH DATA,0,0,95.7,95.5,,,11.8,
Josiah Pickard Elementary School,442,ES,2301 W 21ST PL,60608,41.8529,-87.683291,73,93,WEAK,0,0,96.3,96.3,,,0.7,
John A Walsh Elementary School,300,ES,2015 S PEORIA ST,60608,41.854836,-87.648086,51,45,WEAK,0,0,94,94.7,,,28.1,
Edward Everett Elementary School,153,ES,3419 S BELL AVE,60608,41.831555,-87.68131,74,62,NOT ENOUGH DATA,2,2.8,96,96,,,15.3,
Benito Juarez Community Academy High School,1708,HS,1450 W CERMAK RD,60608,41.852667,-87.663732,,,WEAK,7.8,68,86,95.2,79.7,52.2,71.7,876
John Greenleaf Whittier Elementary School,204,ES,1900 W 23RD ST,60608,41.850481,-87.673392,46,33,WEAK,0,0,95.4,93.9,,,22.1,
Pilsen Elementary Community Academy,307,ES,1420 W 17TH ST,60608,41.858849,-87.662209,39,51,VERY WEAK,3.4,32.4,94.8,96.9,,,14.4,
William F Finkl Elementary School,318,ES,2332 S WESTERN AVE,60608,41.849215,-87.685668,57,54,NEUTRAL,1,10.3,93.3,95.1,,,36.8,
Charles N Holden Elementary School,474,ES,1104 W 31ST ST,60608,41.838027,-87.653792,69,90,WEAK,1.2,27.3,95.4,95.6,,,14.2,
Joseph Jungman Elementary School,283,ES,1746 S MILLER ST,60608,41.858065,-87.652302,63,45,STRONG,0.4,25,95,94.8,,,31.3,
Orozco Fine Arts & Sciences Elementary School,542,ES,1940 W 18TH ST,60608,41.857755,-87.67521,77,68,WEAK,2.7,11.7,96.1,94.6,,,14.4,
Irma C Ruiz Elementary School,666,ES,2410 S LEAVITT ST,60608,41.848101,-87.680745,57,56,NEUTRAL,1.3,22.7,92.7,93.4,,,7.8,
